id,name,department
1517,Michael Williams,CAS
4888,Michael Garcia,CSH
9687,John Martinez,CAS
7027,Robert Jones,CET
3085,Emma Smith,CCJ
1187,Laura Rodriguez,CCJ
4713,Emma Davis,CAS
7975,Michael Johnson,CBA
5562,Emily Smith,CSH
7930,James Brown,CCJ
4998,Robert Williams,CSH
4068,Robert Williams,CCJ
5121,Laura Rodriguez,CSH
7139,Emma Garcia,CBA
7425,Sarah Smith,CAS
6914,Laura Rodriguez,CSH
6245,Emily Garcia,CBA
1209,John Jones,CBA
5751,Robert Rodriguez,CED
8958,Michael Davis,CED
5971,Jane Martinez,CET
8629,David Miller,CED
6628,John Smith,CSH
1065,John Brown,CBA
3797,Emma Davis,CBA
4148,Emily Garcia,CAS
8771,Laura Miller,CET
5917,Laura Jones,CAS
2380,Laura Garcia,CSH
1825,Emma Smith,CSH
4631,Emma Davis,CSH
2649,Laura Rodriguez,CED
7409,Robert Rodriguez,CET
2981,Emma Smith,CBA
8795,David Brown,CSH
1553,Emma Garcia,CCJ
3025,John Smith,CCJ
4711,Jane Smith,CCJ
3507,James Brown,CSH
3374,Jane Martinez,CET
2290,James Smith,CAS
2152,James Smith,CCJ
9667,Sarah Jones,CCJ
2737,Robert Smith,CET
6036,Emma Johnson,CCJ
3978,David Miller,CCJ
9560,Jane Davis,CET
6443,Emily Jones,CET
4673,Robert Garcia,CET
2234,John Johnson,CED
8994,Michael Johnson,CET
9538,Emma Johnson,CSH
5555,Jane Johnson,CCJ
1549,Robert Martinez,CSH
9574,Emily Rodriguez,CBA
1992,Jane Johnson,CSH
3764,Emily Jones,CED
1278,Robert Williams,CSH
2112,Laura Garcia,CBA
9281,Emily Smith,CAS
8373,Emily Rodriguez,CBA
3506,Michael Jones,CSH
1532,James Miller,CET
7027,David Miller,CCJ
1219,Laura Garcia,CCJ
9466,Jane Smith,CET
3427,Michael Miller,CAS
8317,John Smith,CCJ
6565,Laura Smith,CCJ
4686,Emma Jones,CET
8635,Emily Brown,CBA
4597,Emily Johnson,CCJ
9453,Jane Davis,CCJ
4368,Sarah Garcia,CET
2391,John Williams,CET
5031,James Martinez,CET
1913,David Miller,CED
1486,Michael Smith,CBA
8107,John Garcia,CET
2065,Sarah Smith,CAS
9846,Sarah Miller,CCJ
2618,Michael Johnson,CCJ
5110,Laura Brown,CAS
2538,Emma Miller,CED
5217,John Rodriguez,CBA
6334,Emily Garcia,CET
3861,Laura Brown,CSH
4443,Emma Garcia,CSH
2784,Jane Williams,CSH
8911,David Davis,CED
2842,Michael Rodriguez,CSH
6592,John Brown,CSH
7391,David Brown,CET
5296,Emma Williams,CSH
7730,Robert Smith,CET
6636,James Jones,CBA
6187,James Martinez,CCJ
9215,Emma Jones,CBA
4813,James Jones,CAS
3939,Sarah Davis,CSH
